[{"step_id": 1, "description": "\uc785\ucd9c\ub825\uacfc \uc0ac\uce59\uc5f0\uc0b0", "herf": "/step/1"}, {"step_id": 2, "description": "\uc870\uac74\ubb38", "herf": "/step/4"}, {"step_id": 3, "description": "\ubc18\ubcf5\ubb38", "herf": "/step/3"}, {"step_id": 4, "description": "1\ucc28\uc6d0 \ubc30\uc5f4", "herf": "/step/6"}, {"step_id": 5, "description": "\ud568\uc218", "herf": "/step/5"}, {"step_id": 6, "description": "\ubb38\uc790\uc5f4", "herf": "/step/7"}, {"step_id": 7, "description": "\uae30\ubcf8 \uc218\ud559 1", "herf": "/step/8"}, {"step_id": 8, "description": "\uae30\ubcf8 \uc218\ud559 2", "herf": "/step/10"}, {"step_id": 9, "description": "2\ucc28\uc6d0 \ubc30\uc5f4", "herf": "/step/2"}, {"step_id": 10, "description": "\uc815\ub82c", "herf": "/step/9"}, {"step_id": 11, "description": "\uc7ac\uadc0", "herf": "/step/19"}, {"step_id": 12, "description": "\ube0c\ub8e8\ud2b8 \ud3ec\uc2a4", "herf": "/step/22"}, {"step_id": 13, "description": "\uc9d1\ud569\uacfc \ub9f5", "herf": "/step/49"}, {"step_id": 14, "description": "\uae30\ud558 1", "herf": "/step/50"}, {"step_id": 15, "description": "\uc815\uc218\ub860 \ubc0f \uc870\ud569\ub860", "herf": "/step/18"}, {"step_id": 16, "description": "\ubc31\ud2b8\ub798\ud0b9", "herf": "/step/34"}, {"step_id": 17, "description": "\ub3d9\uc801 \uacc4\ud68d\ubc95 1", "herf": "/step/16"}, {"step_id": 18, "description": "\ub204\uc801 \ud569", "herf": "/step/48"}, {"step_id": 19, "description": "\uadf8\ub9ac\ub514 \uc54c\uace0\ub9ac\uc998", "herf": "/step/33"}, {"step_id": 20, "description": "\uc2a4\ud0dd", "herf": "/step/11"}, {"step_id": 21, "description": "\ud050, \ub371", "herf": "/step/12"}, {"step_id": 22, "description": "\ubd84\ud560 \uc815\ubcf5", "herf": "/step/20"}, {"step_id": 23, "description": "\uc774\ubd84 \ud0d0\uc0c9", "herf": "/step/29"}, {"step_id": 24, "description": "\uc6b0\uc120\uc21c\uc704 \ud050", "herf": "/step/13"}, {"step_id": 25, "description": "\ub3d9\uc801 \uacc4\ud68d\ubc95 2", "herf": "/step/17"}, {"step_id": 26, "description": "\uc2a4\ud0dd 2", "herf": "/step/51"}, {"step_id": 27, "description": "\uadf8\ub798\ud504\uc640 \uc21c\ud68c", "herf": "/step/24"}, {"step_id": 28, "description": "\ucd5c\ub2e8 \uacbd\ub85c", "herf": "/step/26"}, {"step_id": 29, "description": "\ud22c \ud3ec\uc778\ud130", "herf": "/step/59"}, {"step_id": 30, "description": "\ub3d9\uc801 \uacc4\ud68d\ubc95\uacfc \ucd5c\ub2e8\uac70\ub9ac \uc5ed\ucd94\uc801", "herf": "/step/41"}, {"step_id": 31, "description": "\ud2b8\ub9ac", "herf": "/step/23"}, {"step_id": 32, "description": "\uc720\ub2c8\uc628 \ud30c\uc778\ub4dc", "herf": "/step/14"}, {"step_id": 33, "description": "\ucd5c\uc18c \uc2e0\uc7a5 \ud2b8\ub9ac", "herf": "/step/15"}, {"step_id": 34, "description": "\ud2b8\ub9ac\uc5d0\uc11c\uc758 \ub3d9\uc801 \uacc4\ud68d\ubc95", "herf": "/step/21"}, {"step_id": 35, "description": "\uae30\ud558 2", "herf": "/step/45"}, {"step_id": 36, "description": "\ub3d9\uc801 \uacc4\ud68d\ubc95 3", "herf": "/step/31"}, {"step_id": 37, "description": "\ubb38\uc790\uc5f4 \uc54c\uace0\ub9ac\uc998 1", "herf": "/step/27"}, {"step_id": 38, "description": "\uc704\uc0c1 \uc815\ub82c", "herf": "/step/25"}, {"step_id": 39, "description": "\ucd5c\uc18c \uacf5\ud1b5 \uc870\uc0c1", "herf": "/step/40"}, {"step_id": 40, "description": "\uac15\ud55c \uc5f0\uacb0 \uc694\uc18c", "herf": "/step/43"}, {"step_id": 41, "description": "\uc138\uadf8\uba3c\ud2b8 \ud2b8\ub9ac", "herf": "/step/35"}, {"step_id": 42, "description": "\uc2a4\uc704\ud551", "herf": "/step/39"}, {"step_id": 43, "description": "\ub3d9\uc801 \uacc4\ud68d\ubc95 4", "herf": "/step/47"}, {"step_id": 44, "description": "\ucee8\ubca1\uc2a4 \ud5d0", "herf": "/step/37"}, {"step_id": 45, "description": "\uc774\ubd84 \ub9e4\uce6d", "herf": "/step/38"}, {"step_id": 46, "description": "\ub124\ud2b8\uc6cc\ud06c \ud50c\ub85c\uc6b0", "herf": "/step/36"}, {"step_id": 47, "description": "MCMF", "herf": "/step/42"}, {"step_id": 48, "description": "\ub354 \uc5b4\ub824\uc6b4 \uc218\ud559", "herf": "/step/44"}, {"step_id": 49, "description": "\uace0\uc18d \ud478\ub9ac\uc5d0 \ubcc0\ud658", "herf": "/step/60"}, {"step_id": 50, "description": "\ubb38\uc790\uc5f4 \uc54c\uace0\ub9ac\uc998 2", "herf": "/step/28"}, {"step_id": 51, "description": "\uc5b4\ub824\uc6b4 \uad6c\uac04 \ucffc\ub9ac", "herf": "/step/30"}, {"step_id": 52, "description": "\uc138\uadf8\uba3c\ud2b8 \ud2b8\ub9ac (Hard)", "herf": "/step/58"}, {"step_id": 53, "description": "\ub3d9\uc801 \uacc4\ud68d\ubc95 \ucd5c\uc801\ud654", "herf": "/step/32"}, {"step_id": 54, "description": "\ub9e4\uc6b0 \uc5b4\ub824\uc6b4 \uc790\ub8cc\uad6c\uc870\uc640 \uc54c\uace0\ub9ac\uc998 (\uc218\uc815 \uc608\uc815)", "herf": "/step/46"}]