[
  {
    "step_id": 1,
    "description": "\uc785\ucd9c\ub825\uacfc \uc0ac\uce59\uc5f0\uc0b0",
    "herf": "/step/1",
    "problem_ids": [
      "2557",
      "1000",
      "1001",
      "10998",
      "1008",
      "10869",
      "10926",
      "18108",
      "3003",
      "10430",
      "2588",
      "10171",
      "10172",
      "25083"
    ],
    "problem_count": 14
  },
  {
    "step_id": 2,
    "description": "\uc870\uac74\ubb38",
    "herf": "/step/4",
    "problem_ids": ["1330", "9498", "2753", "14681", "2884", "2525", "2480"],
    "problem_count": 7
  },
  {
    "step_id": 3,
    "description": "\ubc18\ubcf5\ubb38",
    "herf": "/step/3",
    "problem_ids": [
      "2739",
      "10950",
      "8393",
      "25304",
      "15552",
      "11021",
      "11022",
      "2438",
      "2439",
      "10952",
      "10951",
      "1110"
    ],
    "problem_count": 12
  },
  {
    "step_id": 4,
    "description": "1\ucc28\uc6d0 \ubc30\uc5f4",
    "herf": "/step/6",
    "problem_ids": [
      "10807",
      "10871",
      "10818",
      "2562",
      "5597",
      "3052",
      "1546",
      "8958",
      "4344"
    ],
    "problem_count": 9
  },
  {
    "step_id": 5,
    "description": "\ud568\uc218",
    "herf": "/step/5",
    "problem_ids": ["15596", "4673", "1065"],
    "problem_count": 3
  },
  {
    "step_id": 6,
    "description": "\ubb38\uc790\uc5f4",
    "herf": "/step/7",
    "problem_ids": [
      "11654",
      "11720",
      "10809",
      "2675",
      "1157",
      "1152",
      "2908",
      "5622",
      "2941",
      "1316"
    ],
    "problem_count": 10
  },
  {
    "step_id": 7,
    "description": "\uae30\ubcf8 \uc218\ud559 1",
    "herf": "/step/8",
    "problem_ids": [
      "1712",
      "2292",
      "1193",
      "2869",
      "10250",
      "2775",
      "2839",
      "10757"
    ],
    "problem_count": 8
  },
  {
    "step_id": 8,
    "description": "\uae30\ubcf8 \uc218\ud559 2",
    "herf": "/step/10",
    "problem_ids": ["1978", "2581", "11653", "1929", "4948", "9020"],
    "problem_count": 6
  },
  {
    "step_id": 9,
    "description": "2\ucc28\uc6d0 \ubc30\uc5f4",
    "herf": "/step/2",
    "problem_ids": ["2738", "2566", "2563"],
    "problem_count": 3
  },
  {
    "step_id": 10,
    "description": "\uc815\ub82c",
    "herf": "/step/9",
    "problem_ids": [
      "2750",
      "2587",
      "25305",
      "2751",
      "10989",
      "2108",
      "1427",
      "11650",
      "11651",
      "1181",
      "10814",
      "18870"
    ],
    "problem_count": 12
  },
  {
    "step_id": 11,
    "description": "\uc7ac\uadc0",
    "herf": "/step/19",
    "problem_ids": ["10872", "10870", "25501", "24060", "2447", "11729"],
    "problem_count": 6
  },
  {
    "step_id": 12,
    "description": "\ube0c\ub8e8\ud2b8 \ud3ec\uc2a4",
    "herf": "/step/22",
    "problem_ids": ["2798", "2231", "7568", "1018", "1436"],
    "problem_count": 5
  },
  {
    "step_id": 13,
    "description": "\uc9d1\ud569\uacfc \ub9f5",
    "herf": "/step/49",
    "problem_ids": ["10815", "14425", "1620", "10816", "1764", "1269", "11478"],
    "problem_count": 7
  },
  {
    "step_id": 14,
    "description": "\uae30\ud558 1",
    "herf": "/step/50",
    "problem_ids": ["1085", "3009", "4153", "2477", "3053", "1002", "1004"],
    "problem_count": 7
  },
  {
    "step_id": 15,
    "description": "\uc815\uc218\ub860 \ubc0f \uc870\ud569\ub860",
    "herf": "/step/18",
    "problem_ids": [
      "5086",
      "1037",
      "2609",
      "1934",
      "2981",
      "3036",
      "11050",
      "11051",
      "1010",
      "9375",
      "1676",
      "2004"
    ],
    "problem_count": 12
  },
  {
    "step_id": 16,
    "description": "\ubc31\ud2b8\ub798\ud0b9",
    "herf": "/step/34",
    "problem_ids": [
      "15649",
      "15650",
      "15651",
      "15652",
      "9663",
      "2580",
      "14888",
      "14889"
    ],
    "problem_count": 8
  },
  {
    "step_id": 17,
    "description": "\ub3d9\uc801 \uacc4\ud68d\ubc95 1",
    "herf": "/step/16",
    "problem_ids": [
      "24416",
      "9184",
      "1904",
      "9461",
      "1912",
      "1149",
      "1932",
      "2579",
      "1463",
      "10844",
      "2156",
      "11053",
      "11054",
      "2565",
      "9251",
      "12865"
    ],
    "problem_count": 16
  },
  {
    "step_id": 18,
    "description": "\ub204\uc801 \ud569",
    "herf": "/step/48",
    "problem_ids": ["11659", "2559", "16139", "10986", "11660", "25682"],
    "problem_count": 6
  },
  {
    "step_id": 19,
    "description": "\uadf8\ub9ac\ub514 \uc54c\uace0\ub9ac\uc998",
    "herf": "/step/33",
    "problem_ids": ["11047", "1931", "11399", "1541", "13305"],
    "problem_count": 5
  },
  {
    "step_id": 20,
    "description": "\uc2a4\ud0dd",
    "herf": "/step/11",
    "problem_ids": ["10828", "10773", "9012", "4949", "1874"],
    "problem_count": 5
  },
  {
    "step_id": 21,
    "description": "\ud050, \ub371",
    "herf": "/step/12",
    "problem_ids": [
      "18258",
      "2164",
      "15828",
      "11866",
      "1966",
      "10866",
      "1021",
      "5430"
    ],
    "problem_count": 8
  },
  {
    "step_id": 22,
    "description": "\ubd84\ud560 \uc815\ubcf5",
    "herf": "/step/20",
    "problem_ids": [
      "2630",
      "1992",
      "1780",
      "1629",
      "11401",
      "2740",
      "10830",
      "11444",
      "6549"
    ],
    "problem_count": 9
  },
  {
    "step_id": 23,
    "description": "\uc774\ubd84 \ud0d0\uc0c9",
    "herf": "/step/29",
    "problem_ids": ["1920", "10816", "1654", "2805", "2110", "1300", "12015"],
    "problem_count": 7
  },
  {
    "step_id": 24,
    "description": "\uc6b0\uc120\uc21c\uc704 \ud050",
    "herf": "/step/13",
    "problem_ids": ["11279", "1927", "11286", "1655"],
    "problem_count": 4
  },
  {
    "step_id": 25,
    "description": "\ub3d9\uc801 \uacc4\ud68d\ubc95 2",
    "herf": "/step/17",
    "problem_ids": ["11066", "11049", "1520", "2629", "2293", "7579"],
    "problem_count": 6
  },
  {
    "step_id": 26,
    "description": "\uc2a4\ud0dd 2",
    "herf": "/step/51",
    "problem_ids": ["9935", "17298", "17299", "1725", "3015"],
    "problem_count": 5
  },
  {
    "step_id": 27,
    "description": "\uadf8\ub798\ud504\uc640 \uc21c\ud68c",
    "herf": "/step/24",
    "problem_ids": [
      "24479",
      "24480",
      "24444",
      "24445",
      "2606",
      "1260",
      "2667",
      "1012",
      "2178",
      "1697",
      "7562",
      "7576",
      "7569",
      "16928",
      "2206",
      "1707"
    ],
    "problem_count": 16
  },
  {
    "step_id": 28,
    "description": "\ucd5c\ub2e8 \uacbd\ub85c",
    "herf": "/step/26",
    "problem_ids": ["1753", "1504", "13549", "9370", "11657", "11404", "1956"],
    "problem_count": 7
  },
  {
    "step_id": 29,
    "description": "\ud22c \ud3ec\uc778\ud130",
    "herf": "/step/59",
    "problem_ids": ["3273", "2470", "1806", "1644", "1450"],
    "problem_count": 5
  },
  {
    "step_id": 30,
    "description": "\ub3d9\uc801 \uacc4\ud68d\ubc95\uacfc \ucd5c\ub2e8\uac70\ub9ac \uc5ed\ucd94\uc801",
    "herf": "/step/41",
    "problem_ids": [
      "12852",
      "14002",
      "14003",
      "9252",
      "2618",
      "13913",
      "9019",
      "11779",
      "11780"
    ],
    "problem_count": 9
  },
  {
    "step_id": 31,
    "description": "\ud2b8\ub9ac",
    "herf": "/step/23",
    "problem_ids": ["11725", "1167", "1967", "1991", "2263", "5639", "4803"],
    "problem_count": 7
  },
  {
    "step_id": 32,
    "description": "\uc720\ub2c8\uc628 \ud30c\uc778\ub4dc",
    "herf": "/step/14",
    "problem_ids": ["1717", "1976", "4195", "20040"],
    "problem_count": 4
  },
  {
    "step_id": 33,
    "description": "\ucd5c\uc18c \uc2e0\uc7a5 \ud2b8\ub9ac",
    "herf": "/step/15",
    "problem_ids": ["9372", "1197", "4386", "1774", "2887", "17472"],
    "problem_count": 6
  },
  {
    "step_id": 34,
    "description": "\ud2b8\ub9ac\uc5d0\uc11c\uc758 \ub3d9\uc801 \uacc4\ud68d\ubc95",
    "herf": "/step/21",
    "problem_ids": ["15681", "2213", "2533", "1949"],
    "problem_count": 4
  },
  {
    "step_id": 35,
    "description": "\uae30\ud558 2",
    "herf": "/step/45",
    "problem_ids": [
      "2166",
      "11758",
      "25308",
      "17386",
      "17387",
      "20149",
      "2162",
      "7869",
      "1069"
    ],
    "problem_count": 9
  },
  {
    "step_id": 36,
    "description": "\ub3d9\uc801 \uacc4\ud68d\ubc95 3",
    "herf": "/step/31",
    "problem_ids": ["11723", "1311", "2098", "1086", "17404", "2482"],
    "problem_count": 6
  },
  {
    "step_id": 37,
    "description": "\ubb38\uc790\uc5f4 \uc54c\uace0\ub9ac\uc998 1",
    "herf": "/step/27",
    "problem_ids": ["1786", "1305", "14725", "14425", "5670"],
    "problem_count": 5
  },
  {
    "step_id": 38,
    "description": "\uc704\uc0c1 \uc815\ub82c",
    "herf": "/step/25",
    "problem_ids": ["2252", "3665", "1766"],
    "problem_count": 3
  },
  {
    "step_id": 39,
    "description": "\ucd5c\uc18c \uacf5\ud1b5 \uc870\uc0c1",
    "herf": "/step/40",
    "problem_ids": ["3584", "17435", "11438", "3176", "13511"],
    "problem_count": 5
  },
  {
    "step_id": 40,
    "description": "\uac15\ud55c \uc5f0\uacb0 \uc694\uc18c",
    "herf": "/step/43",
    "problem_ids": [
      "2150",
      "4196",
      "3977",
      "4013",
      "11280",
      "11281",
      "3648",
      "16367"
    ],
    "problem_count": 8
  },
  {
    "step_id": 41,
    "description": "\uc138\uadf8\uba3c\ud2b8 \ud2b8\ub9ac",
    "herf": "/step/35",
    "problem_ids": [
      "2042",
      "11505",
      "2357",
      "1517",
      "9345",
      "16975",
      "12899",
      "1168"
    ],
    "problem_count": 8
  },
  {
    "step_id": 42,
    "description": "\uc2a4\uc704\ud551",
    "herf": "/step/39",
    "problem_ids": ["2170", "2836", "5419", "17131", "7626", "11012"],
    "problem_count": 6
  },
  {
    "step_id": 43,
    "description": "\ub3d9\uc801 \uacc4\ud68d\ubc95 4",
    "herf": "/step/47",
    "problem_ids": [
      "1509",
      "2169",
      "13392",
      "2494",
      "13976",
      "1648",
      "1657",
      "11003",
      "5977",
      "15678"
    ],
    "problem_count": 10
  },
  {
    "step_id": 44,
    "description": "\ucee8\ubca1\uc2a4 \ud5d0",
    "herf": "/step/37",
    "problem_ids": ["1708", "10254", "7420", "3878", "3679"],
    "problem_count": 5
  },
  {
    "step_id": 45,
    "description": "\uc774\ubd84 \ub9e4\uce6d",
    "herf": "/step/38",
    "problem_ids": ["11375", "11376", "1017", "1671", "1867", "11014"],
    "problem_count": 6
  },
  {
    "step_id": 46,
    "description": "\ub124\ud2b8\uc6cc\ud06c \ud50c\ub85c\uc6b0",
    "herf": "/step/36",
    "problem_ids": [
      "17412",
      "11378",
      "14750",
      "2316",
      "13161",
      "1420",
      "2365",
      "11495"
    ],
    "problem_count": 8
  },
  {
    "step_id": 47,
    "description": "MCMF",
    "herf": "/step/42",
    "problem_ids": ["11408", "11409", "11493", "11111"],
    "problem_count": 4
  },
  {
    "step_id": 48,
    "description": "\ub354 \uc5b4\ub824\uc6b4 \uc218\ud559",
    "herf": "/step/44",
    "problem_ids": ["11402", "3955", "15718", "5615", "4149"],
    "problem_count": 5
  },
  {
    "step_id": 49,
    "description": "\uace0\uc18d \ud478\ub9ac\uc5d0 \ubcc0\ud658",
    "herf": "/step/60",
    "problem_ids": ["10531", "1067", "20176", "17134", "15576"],
    "problem_count": 5
  },
  {
    "step_id": 50,
    "description": "\ubb38\uc790\uc5f4 \uc54c\uace0\ub9ac\uc998 2",
    "herf": "/step/28",
    "problem_ids": [
      "13275",
      "16163",
      "13713",
      "16229",
      "9248",
      "1605",
      "11479",
      "13322",
      "9250",
      "10256",
      "2809"
    ],
    "problem_count": 11
  },
  {
    "step_id": 51,
    "description": "\uc5b4\ub824\uc6b4 \uad6c\uac04 \ucffc\ub9ac",
    "herf": "/step/30",
    "problem_ids": [
      "14268",
      "14287",
      "14288",
      "10999",
      "12844",
      "1395",
      "16357",
      "18437",
      "13547",
      "13548",
      "8462"
    ],
    "problem_count": 11
  },
  {
    "step_id": 52,
    "description": "\uc138\uadf8\uba3c\ud2b8 \ud2b8\ub9ac (Hard)",
    "herf": "/step/58",
    "problem_ids": [
      "17409",
      "15648",
      "17353",
      "16993",
      "10167",
      "13925",
      "10070"
    ],
    "problem_count": 7
  },
  {
    "step_id": 53,
    "description": "\ub3d9\uc801 \uacc4\ud68d\ubc95 \ucd5c\uc801\ud654",
    "herf": "/step/32",
    "problem_ids": [
      "14751",
      "13263",
      "4008",
      "10067",
      "11001",
      "13261",
      "14636",
      "13974"
    ],
    "problem_count": 8
  },
  {
    "step_id": 54,
    "description": "\ub9e4\uc6b0 \uc5b4\ub824\uc6b4 \uc790\ub8cc\uad6c\uc870\uc640 \uc54c\uace0\ub9ac\uc998 (\uc218\uc815 \uc608\uc815)",
    "herf": "/step/46",
    "problem_ids": [
      "13510",
      "13512",
      "13514",
      "13854",
      "3444",
      "13159",
      "16911",
      "14216",
      "13323",
      "13324"
    ],
    "problem_count": 10
  }
]
